material_balance,white_bishops,black_bishops,total_pieces,ply,white_elo,black_elo,elo_diff,result,stockfish_eval,stockfish_vs_material
0,0,0,10,80,2715,2606,109,0,-9,-9
1,1,2,19,80,2687,2625,62,0,0,-100
-1,0,0,15,80,2625,2715,-90,-1,-147,-47
1,0,0,13,79,2606,2625,-19,1,478,378
1,1,0,13,80,2687,2715,-28,0,-23,-123
0,0,1,20,80,2687,2715,-28,0,-15,-15
0,0,0,18,67,2715,2687,28,1,1072,1072
0,1,1,16,64,2620,2655,-35,0,-2,-2
0,2,1,28,80,2639,2643,-4,0,67,67
1,0,1,9,80,2650,2663,-13,0,16,-84
-1,0,0,15,80,2663,2727,-64,-1,-211,-111
-8,0,0,14,80,2650,2727,-77,-1,-1159,-359
0,2,2,30,25,2702,2660,42,0,34,34
5,0,0,13,80,2644,2702,-58,1,930,430
0,2,2,26,31,2644,2660,-16,0,-4,-4
1,1,1,17,54,2702,2644,58,-1,-10000,-10100
6,0,1,16,65,2644,2702,-58,1,1417,817
4,0,0,14,61,2660,2644,16,1,1365,965
1,0,0,15,80,2644,2660,-16,0,-14,-114
0,1,1,28,26,2608,2623,-15,0,18,18
0,1,0,22,80,2620,2670,-50,-1,-192,-192
0,2,1,28,40,2658,2626,32,0,-53,-53
-1,0,0,15,80,2626,2658,-32,0,-28,72
-2,1,1,14,80,2626,2626,0,-1,-574,-374
0,2,2,24,29,2600,2670,-70,0,11,11
-1,1,0,17,80,2620,2625,-5,-1,-742,-642
0,1,0,16,74,2600,2625,-25,0,0,0
0,2,2,22,25,2600,2620,-20,0,-2,-2
0,1,1,26,64,2600,2665,-65,0,96,96
0,0,0,26,23,2620,2645,-25,0,-4,-4
0,1,1,20,68,2615,2620,-5,0,27,27
0,0,0,12,80,2620,2615,5,1,-2,-2
1,1,0,19,76,2605,2645,-40,0,-376,-476
1,0,0,13,80,2645,2665,-20,0,0,-100
0,0,1,16,80,2605,2665,-60,0,269,269
0,0,0,12,80,2645,2605,40,0,11,11
-3,0,1,15,70,2665,2645,20,-1,-1035,-735
-3,1,0,15,80,2610,2610,0,-1,-550,-250
1,0,0,13,80,2615,2615,0,1,405,305
-1,0,0,9,80,2610,2600,10,-1,-478,-378
-7,0,1,21,37,2610,2615,-5,0,0,700
0,0,0,20,80,2610,2615,-5,1,344,344
0,2,2,24,55,2610,2600,10,0,35,35
0,1,1,24,65,2600,2615,-15,0,-6,-6
-1,0,1,17,54,2615,2600,15,0,55,155
1,0,0,9,80,2615,2610,5,1,185,85
2,0,0,12,80,2610,2615,-5,1,612,412
0,0,0,8,80,2610,2610,0,0,-29,-29
-2,1,0,14,70,2600,2610,-10,-1,-629,-429
0,1,1,16,80,2615,2615,0,0,0,0
-3,2,1,21,47,2615,2610,5,0,13,313
-2,1,0,18,44,2600,2610,-10,-1,-579,-379
-4,1,1,24,53,2615,2610,5,1,10000,10400
1,1,0,13,80,2615,2600,15,0,44,-56
0,1,2,28,31,2600,2615,-15,0,1,1
2,1,1,20,39,2610,2615,-5,0,-24,-224
1,1,0,19,78,2615,2610,5,1,579,479
1,1,0,17,80,2600,2605,-5,1,676,576
4,0,1,14,57,2605,2600,5,1,571,171
3,2,1,17,80,2680,2615,65,1,703,403
0,2,1,24,37,2605,2630,-25,0,-29,-29
-2,1,1,12,80,2610,2680,-70,-1,-572,-372
-2,2,1,22,62,2605,2615,-10,-1,-623,-423
0,1,1,20,39,2615,2630,-15,0,-5,-5
2,0,0,16,65,2610,2605,5,1,789,589
1,0,1,13,80,2605,2680,-75,0,8,-92
0,0,0,22,52,2630,2610,20,0,11,11
0,1,1,20,80,2615,2610,5,0,36,36
0,0,0,14,67,2680,2630,50,1,762,762
3,1,0,17,60,2615,2680,-65,-1,-702,-1002
2,1,1,20,57,2630,2605,25,1,825,625
0,0,2,12,80,2680,2610,70,-1,-296,-296
-2,0,0,10,80,2615,2605,10,-1,-432,-232
1,1,1,9,80,2605,2610,-5,0,4,-96
-1,2,1,23,62,2630,2615,15,-1,-677,-577
0,1,1,14,73,2680,2605,75,1,-6,-6
1,0,0,11,80,2610,2630,-20,0,42,-58
-3,0,0,11,77,2610,2615,-5,1,1171,1471
0,2,2,28,32,2630,2680,-50,0,-8,-8
2,1,1,14,80,2670,2640,30,1,58,-142
0,0,0,14,67,2640,2670,-30,0,0,0
-1,0,0,15,78,2620,2600,20,-1,-309,-209
1,0,1,13,80,2655,2600,55,0,462,362
0,0,0,16,62,2655,2620,35,0,-2,-2
0,1,1,26,33,2605,2610,-5,0,2,2
-2,0,0,10,80,2685,2605,80,-1,-177,23
0,0,0,16,80,2610,2685,-75,1,289,289
1,1,1,15,80,2635,2605,30,0,191,91
0,0,1,16,80,2610,2635,-25,-1,-101,-101
0,1,1,18,80,2635,2685,-50,-1,-105,-105
2,1,1,10,80,2645,2615,30,1,544,344
-1,2,2,27,28,2620,2645,-25,0,38,138
-1,0,1,13,80,2615,2665,-50,-1,-483,-383
-1,1,0,19,54,2645,2665,-20,-1,-782,-682
0,1,0,18,40,2615,2620,-5,0,51,51
1,1,1,15,80,2620,2665,-45,0,27,-73
0,1,1,16,80,2600,2635,-35,-1,-31,-31
0,0,0,18,40,2620,2660,-40,0,1,1
0,2,1,12,80,2635,2620,15,-1,-553,-553
1,0,0,17,80,2600,2620,-20,0,0,-100
0,2,1,24,45,2660,2635,25,0,13,13
1,0,0,9,80,2660,2600,60,0,0,-100
0,1,0,14,80,2637,2604,33,0,0,0
0,2,2,30,39,2604,2680,-76,0,3,3
-1,1,2,21,68,2637,2680,-43,-1,-800,-700
2,0,1,10,80,2602,2750,-148,0,40,-160
0,0,0,10,76,2656,2683,-27,0,0,0
0,2,1,18,53,2678,2606,72,0,0,0
0,1,2,24,58,2669,2701,-32,0,170,170
0,1,2,26,34,2623,2628,-5,0,-6,-6
0,2,2,20,36,2660,2735,-75,0,3,3
0,0,0,12,80,2762,2656,106,0,0,0
0,1,0,14,54,2624,2681,-57,0,1,1
0,2,2,24,52,2602,2645,-43,0,38,38
-1,1,0,21,58,2631,2669,-38,0,75,175
1,1,0,11,80,2628,2646,-18,-1,-11,-111
-3,0,0,19,72,2639,2600,39,-1,-671,-371
0,1,1,12,72,2624,2639,-15,0,0,0
0,0,0,14,78,2641,2732,-91,-1,-590,-590
1,1,1,19,65,2695,2645,50,1,505,405
3,0,1,15,57,2690,2614,76,1,668,368
-1,0,0,15,80,2621,2673,-52,-1,-33,67
0,1,1,26,41,2606,2639,-33,0,-24,-24
-3,0,1,21,80,2614,2641,-27,1,374,674
0,1,1,26,29,2732,2690,42,0,22,22
1,2,2,17,80,2641,2673,-32,1,601,501
-3,1,1,17,57,2690,2645,45,1,861,1161
0,0,0,12,80,2624,2695,-71,0,0,0
1,1,1,13,80,2660,2638,22,-1,-89,-189
1,0,0,13,71,2654,2639,15,0,-12,-112
0,1,1,18,80,2639,2656,-17,0,294,294
0,0,0,16,80,2639,2657,-18,-1,-778,-778
0,2,2,24,46,2645,2641,4,0,-4,-4
0,0,0,18,44,2673,2690,-17,0,14,14
1,1,1,19,59,2635,2801,-166,0,9,-91
1,2,2,17,80,2695,2606,89,0,27,-73
-1,0,0,13,74,2656,2635,21,-1,-777,-677
0,0,0,10,79,2678,2678,0,0,-1,-1
5,1,1,23,41,2621,2600,21,0,-49,-549
1,0,0,13,76,2631,2701,-70,-1,-974,-1074
0,0,0,10,80,2623,2646,-23,0,0,0
0,1,1,28,41,2645,2673,-28,0,2,2
-1,1,1,17,52,2610,2600,10,0,0,100
-8,1,1,18,80,2635,2624,11,0,29,829
0,0,0,22,65,2638,2606,32,0,-19,-19
0,1,2,28,80,2718,2651,67,0,0,0
1,0,0,13,80,2620,2649,-29,1,694,594
1,1,2,21,41,2741,2642,99,0,1,-99
2,1,2,22,67,2711,2603,108,1,485,285
-1,0,0,15,80,2687,2606,81,0,1,101
-1,0,0,9,80,2651,2681,-30,0,-25,75
0,0,0,24,46,2642,2718,-76,0,9,9
0,0,1,20,50,2603,2655,-52,0,60,60
0,2,2,18,46,2661,2620,41,0,3,3
0,1,0,16,47,2643,2681,-38,-1,-46,-46
-3,1,1,17,80,2651,2717,-66,-1,-880,-580
0,1,1,14,80,2658,2663,-5,1,552,552
0,1,2,24,43,2620,2667,-47,0,-64,-64
0,1,0,16,75,2681,2642,39,0,-15,-15
5,2,2,15,59,2718,2643,75,1,616,116
0,1,0,14,80,2640,2651,-11,0,-10,-10
0,1,1,26,41,2663,2616,47,0,-151,-151
0,1,1,18,80,2681,2616,65,0,125,125
-4,1,0,12,80,2613,2654,-41,1,218,618
1,1,1,15,80,2741,2651,90,0,149,49
0,0,0,26,43,2663,2709,-46,0,-1,-1
1,1,1,23,43,2711,2620,91,0,-21,-121
0,1,1,14,80,2654,2681,-27,0,97,97
2,1,0,20,80,2681,2658,23,-1,-1151,-1351
0,1,1,22,53,2667,2618,49,0,-89,-89
1,1,0,17,79,2609,2658,-49,1,940,840
0,1,1,24,41,2616,2613,3,0,-52,-52
0,1,1,14,80,2640,2717,-77,0,18,18
-1,0,1,17,73,2658,2616,42,0,4,104
-9,2,2,25,56,2681,2718,-37,0,10,910
2,1,1,22,42,2655,2609,46,0,96,-104
-1,1,1,19,72,2670,2756,-86,0,0,100
-1,0,1,15,77,2611,2620,-9,1,10000,10100
0,2,0,20,47,2718,2613,105,1,514,514
0,1,0,18,54,2620,2603,17,0,0,0
0,0,0,8,79,2740,2788,-48,0,-26,-26
1,2,2,23,55,2741,2721,20,0,-2,-102
0,2,1,18,53,2717,2730,-13,0,0,0
1,2,2,27,38,2709,2654,55,0,-2,-102
0,0,1,22,41,2658,2711,-53,0,-17,-17
0,1,1,20,80,2682,2667,15,-1,-27,-27
1,0,0,13,80,2658,2685,-27,1,1039,939
-1,1,0,19,62,2687,2615,72,0,-7,93
0,0,0,10,80,2603,2618,-15,0,0,0
-2,0,1,18,55,2788,2616,172,1,702,902
0,2,1,22,80,2618,2605,13,1,400,400
1,1,1,13,80,2730,2613,117,1,355,255
0,1,2,18,80,2616,2681,-65,1,597,597
2,1,1,22,49,2721,2718,3,0,0,-200
0,1,2,26,49,2710,2615,95,0,-48,-48
0,0,0,14,77,2717,2649,68,0,0,0
0,1,1,14,80,2655,2654,1,0,3,3
0,1,1,14,79,2658,2661,-3,0,0,0
0,1,1,14,80,2606,2667,-61,1,0,0
0,0,0,26,80,2606,2602,4,1,136,136
